,location,date,total_cases,new_cases
121486,India,2020-01-03,,0.0
121487,India,2020-01-04,,0.0
121488,India,2020-01-05,,0.0
121489,India,2020-01-06,,0.0
121490,India,2020-01-07,,0.0
121491,India,2020-01-08,,0.0
121492,India,2020-01-09,,0.0
121493,India,2020-01-10,,0.0
121494,India,2020-01-11,,0.0
121495,India,2020-01-12,,0.0
121496,India,2020-01-13,,0.0
121497,India,2020-01-14,,0.0
121498,India,2020-01-15,,0.0
121499,India,2020-01-16,,0.0
121500,India,2020-01-17,,0.0
121501,India,2020-01-18,,0.0
121502,India,2020-01-19,,0.0
121503,India,2020-01-20,,0.0
121504,India,2020-01-21,,0.0
121505,India,2020-01-22,,0.0
121506,India,2020-01-23,,0.0
121507,India,2020-01-24,,0.0
121508,India,2020-01-25,,0.0
121509,India,2020-01-26,,0.0
121510,India,2020-01-27,,0.0
121511,India,2020-01-28,,0.0
121512,India,2020-01-29,,0.0
121513,India,2020-01-30,1.0,1.0
121514,India,2020-01-31,5.0,4.0
121515,India,2020-02-01,5.0,0.0
121516,India,2020-02-02,2.0,
121517,India,2020-02-03,3.0,1.0
121518,India,2020-02-04,7.0,4.0
121519,India,2020-02-05,7.0,0.0
121520,India,2020-02-06,7.0,0.0
121521,India,2020-02-07,7.0,0.0
121522,India,2020-02-08,7.0,0.0
121523,India,2020-02-09,7.0,0.0
121524,India,2020-02-10,7.0,0.0
121525,India,2020-02-11,7.0,0.0
121526,India,2020-02-12,7.0,0.0
121527,India,2020-02-13,7.0,0.0
121528,India,2020-02-14,7.0,0.0
121529,India,2020-02-15,7.0,0.0
121530,India,2020-02-16,7.0,0.0
121531,India,2020-02-17,7.0,0.0
121532,India,2020-02-18,7.0,0.0
121533,India,2020-02-19,7.0,0.0
121534,India,2020-02-20,7.0,0.0
121535,India,2020-02-21,7.0,0.0
121536,India,2020-02-22,7.0,0.0
121537,India,2020-02-23,7.0,0.0
121538,India,2020-02-24,7.0,0.0
121539,India,2020-02-25,7.0,0.0
121540,India,2020-02-26,7.0,0.0
121541,India,2020-02-27,7.0,0.0
121542,India,2020-02-28,7.0,0.0
121543,India,2020-02-29,7.0,0.0
121544,India,2020-03-01,7.0,0.0
121545,India,2020-03-02,5.0,
121546,India,2020-03-03,9.0,4.0
121547,India,2020-03-04,28.0,19.0
121548,India,2020-03-05,29.0,1.0
121549,India,2020-03-06,31.0,2.0
121550,India,2020-03-07,34.0,3.0
121551,India,2020-03-08,39.0,5.0
121552,India,2020-03-09,44.0,5.0
121553,India,2020-03-10,50.0,6.0
121554,India,2020-03-11,60.0,10.0
121555,India,2020-03-12,73.0,13.0
121556,India,2020-03-13,81.0,8.0
121557,India,2020-03-14,84.0,3.0
121558,India,2020-03-15,107.0,23.0
121559,India,2020-03-16,114.0,7.0
121560,India,2020-03-17,137.0,23.0
121561,India,2020-03-18,151.0,14.0
121562,India,2020-03-19,173.0,22.0
121563,India,2020-03-20,223.0,50.0
121564,India,2020-03-21,283.0,60.0
121565,India,2020-03-22,360.0,77.0
121566,India,2020-03-23,434.0,74.0
121567,India,2020-03-24,519.0,85.0
121568,India,2020-03-25,606.0,87.0
121569,India,2020-03-26,649.0,43.0
121570,India,2020-03-27,724.0,75.0
121571,India,2020-03-28,909.0,185.0
121572,India,2020-03-29,979.0,70.0
121573,India,2020-03-30,1071.0,92.0
121574,India,2020-03-31,1251.0,180.0
121575,India,2020-04-01,1637.0,386.0
121576,India,2020-04-02,1965.0,328.0
121577,India,2020-04-03,2301.0,336.0
121578,India,2020-04-04,2902.0,601.0
121579,India,2020-04-05,3374.0,472.0
121580,India,2020-04-06,4067.0,693.0
121581,India,2020-04-07,4421.0,354.0
121582,India,2020-04-08,5274.0,853.0
121583,India,2020-04-09,5865.0,591.0
121584,India,2020-04-10,6412.0,547.0
121585,India,2020-04-11,7447.0,1035.0
121586,India,2020-04-12,8356.0,909.0
121587,India,2020-04-13,9152.0,796.0
121588,India,2020-04-14,10363.0,1211.0
121589,India,2020-04-15,11439.0,1076.0
121590,India,2020-04-16,12380.0,941.0
121591,India,2020-04-17,13387.0,1007.0
121592,India,2020-04-18,14378.0,991.0
121593,India,2020-04-19,15712.0,1334.0
121594,India,2020-04-20,17265.0,1553.0
121595,India,2020-04-21,18601.0,1336.0
121596,India,2020-04-22,19984.0,1383.0
121597,India,2020-04-23,21393.0,1409.0
121598,India,2020-04-24,23077.0,1684.0
121599,India,2020-04-25,24506.0,1429.0
121600,India,2020-04-26,26496.0,1990.0
121601,India,2020-04-27,27892.0,1396.0
121602,India,2020-04-28,29435.0,1543.0
121603,India,2020-04-29,31332.0,1897.0
121604,India,2020-04-30,33050.0,1718.0
121605,India,2020-05-01,35043.0,1993.0
121606,India,2020-05-02,37336.0,2293.0
121607,India,2020-05-03,39980.0,2644.0
121608,India,2020-05-04,42533.0,2553.0
121609,India,2020-05-05,46433.0,3900.0
121610,India,2020-05-06,49391.0,2958.0
121611,India,2020-05-07,52952.0,3561.0
121612,India,2020-05-08,56342.0,3390.0
121613,India,2020-05-09,59662.0,3320.0
121614,India,2020-05-10,62939.0,3277.0
121615,India,2020-05-11,67152.0,4213.0
121616,India,2020-05-12,70756.0,3604.0
121617,India,2020-05-13,74281.0,3525.0
121618,India,2020-05-14,78003.0,3722.0
121619,India,2020-05-15,81970.0,3967.0
121620,India,2020-05-16,85940.0,3970.0
121621,India,2020-05-17,90927.0,4987.0
121622,India,2020-05-18,96169.0,5242.0
121623,India,2020-05-19,101139.0,4970.0
121624,India,2020-05-20,106750.0,5611.0
121625,India,2020-05-21,112359.0,5609.0
121626,India,2020-05-22,118447.0,6088.0
121627,India,2020-05-23,125101.0,6654.0
121628,India,2020-05-24,131868.0,6767.0
121629,India,2020-05-25,138845.0,6977.0
121630,India,2020-05-26,145380.0,6535.0
121631,India,2020-05-27,151767.0,6387.0
121632,India,2020-05-28,158333.0,6566.0
121633,India,2020-05-29,165799.0,7466.0
121634,India,2020-05-30,173763.0,7964.0
121635,India,2020-05-31,182143.0,8380.0
121636,India,2020-06-01,190535.0,8392.0
121637,India,2020-06-02,198706.0,8171.0
121638,India,2020-06-03,207615.0,8909.0
121639,India,2020-06-04,216919.0,9304.0
121640,India,2020-06-05,226770.0,9851.0
121641,India,2020-06-06,236657.0,9887.0
121642,India,2020-06-07,246628.0,9971.0
121643,India,2020-06-08,256611.0,9983.0
121644,India,2020-06-09,266598.0,9987.0
121645,India,2020-06-10,276583.0,9985.0
121646,India,2020-06-11,286579.0,9996.0
121647,India,2020-06-12,297535.0,10956.0
121648,India,2020-06-13,308993.0,11458.0
121649,India,2020-06-14,320922.0,11929.0
121650,India,2020-06-15,332424.0,11502.0
121651,India,2020-06-16,343091.0,10667.0
121652,India,2020-06-17,354065.0,10974.0
121653,India,2020-06-18,366946.0,12881.0
121654,India,2020-06-19,380532.0,13586.0
121655,India,2020-06-20,395048.0,14516.0
121656,India,2020-06-21,410461.0,15413.0
121657,India,2020-06-22,425282.0,14821.0
121658,India,2020-06-23,440215.0,14933.0
121659,India,2020-06-24,456183.0,15968.0
121660,India,2020-06-25,473105.0,16922.0
121661,India,2020-06-26,490401.0,17296.0
121662,India,2020-06-27,508953.0,18552.0
121663,India,2020-06-28,528859.0,19906.0
121664,India,2020-06-29,548318.0,19459.0
121665,India,2020-06-30,566840.0,18522.0
121666,India,2020-07-01,585493.0,18653.0
121667,India,2020-07-02,604641.0,19148.0
121668,India,2020-07-03,625544.0,20903.0
121669,India,2020-07-04,648315.0,22771.0
121670,India,2020-07-05,673165.0,24850.0
121671,India,2020-07-06,697413.0,24248.0
121672,India,2020-07-07,719665.0,22252.0
121673,India,2020-07-08,742417.0,22752.0
121674,India,2020-07-09,767296.0,24879.0
121675,India,2020-07-10,793802.0,26506.0
121676,India,2020-07-11,820916.0,27114.0
121677,India,2020-07-12,849553.0,28637.0
121678,India,2020-07-13,878254.0,28701.0
121679,India,2020-07-14,906752.0,28498.0
121680,India,2020-07-15,936181.0,29429.0
121681,India,2020-07-16,968876.0,32695.0
121682,India,2020-07-17,1003832.0,34956.0
121683,India,2020-07-18,1038716.0,34884.0
121684,India,2020-07-19,1077618.0,38902.0
121685,India,2020-07-20,1118043.0,40425.0
121686,India,2020-07-21,1155191.0,37148.0
121687,India,2020-07-22,1192915.0,37724.0
121688,India,2020-07-23,1238635.0,45720.0
121689,India,2020-07-24,1287945.0,49310.0
121690,India,2020-07-25,1336861.0,48916.0
121691,India,2020-07-26,1385522.0,48661.0
121692,India,2020-07-27,1435453.0,49931.0
121693,India,2020-07-28,1483156.0,47703.0
121694,India,2020-07-29,1531669.0,48513.0
121695,India,2020-07-30,1583792.0,52123.0
121696,India,2020-07-31,1638870.0,55078.0
121697,India,2020-08-01,1695988.0,57118.0
121698,India,2020-08-02,1750723.0,54735.0
121699,India,2020-08-03,1803695.0,52972.0
121700,India,2020-08-04,1855745.0,52050.0
121701,India,2020-08-05,1908254.0,52509.0
121702,India,2020-08-06,1964536.0,56282.0
121703,India,2020-08-07,2027074.0,62538.0
121704,India,2020-08-08,2088611.0,61537.0
121705,India,2020-08-09,2153010.0,64399.0
121706,India,2020-08-10,2215074.0,62064.0
121707,India,2020-08-11,2268675.0,53601.0
121708,India,2020-08-12,2329638.0,60963.0
121709,India,2020-08-13,2396637.0,66999.0
121710,India,2020-08-14,2461190.0,64553.0
121711,India,2020-08-15,2526192.0,65002.0
121712,India,2020-08-16,2589682.0,63490.0
121713,India,2020-08-17,2647663.0,57981.0
121714,India,2020-08-18,2702742.0,55079.0
121715,India,2020-08-19,2767273.0,64531.0
121716,India,2020-08-20,2836925.0,69652.0
121717,India,2020-08-21,2905823.0,68898.0
121718,India,2020-08-22,2975701.0,69878.0
121719,India,2020-08-23,3044940.0,69239.0
121720,India,2020-08-24,3106348.0,61408.0
121721,India,2020-08-25,3167323.0,60975.0
121722,India,2020-08-26,3234474.0,67151.0
121723,India,2020-08-27,3310234.0,75760.0
121724,India,2020-08-28,3387500.0,77266.0
121725,India,2020-08-29,3463972.0,76472.0
121726,India,2020-08-30,3542733.0,78761.0
121727,India,2020-08-31,3621245.0,78512.0
121728,India,2020-09-01,3691166.0,69921.0
121729,India,2020-09-02,3769523.0,78357.0
121730,India,2020-09-03,3853406.0,83883.0
121731,India,2020-09-04,3936747.0,83341.0
121732,India,2020-09-05,4023179.0,86432.0
121733,India,2020-09-06,4113811.0,90632.0
121734,India,2020-09-07,4204613.0,90802.0
121735,India,2020-09-08,4280422.0,75809.0
121736,India,2020-09-09,4370128.0,89706.0
121737,India,2020-09-10,4465863.0,95735.0
121738,India,2020-09-11,4562414.0,96551.0
121739,India,2020-09-12,4659984.0,97570.0
121740,India,2020-09-13,4754356.0,94372.0
121741,India,2020-09-14,4846427.0,92071.0
121742,India,2020-09-15,4930236.0,83809.0
121743,India,2020-09-16,5020359.0,90123.0
121744,India,2020-09-17,5118253.0,97894.0
121745,India,2020-09-18,5214677.0,96424.0
121746,India,2020-09-19,5308014.0,93337.0
121747,India,2020-09-20,5400619.0,92605.0
121748,India,2020-09-21,5487580.0,86961.0
121749,India,2020-09-22,5562663.0,75083.0
121750,India,2020-09-23,5646010.0,83347.0
121751,India,2020-09-24,5732518.0,86508.0
121752,India,2020-09-25,5818570.0,86052.0
121753,India,2020-09-26,5903932.0,85362.0
121754,India,2020-09-27,5992532.0,88600.0
121755,India,2020-09-28,6074702.0,82170.0
121756,India,2020-09-29,6145291.0,70589.0
121757,India,2020-09-30,6225763.0,80472.0
121758,India,2020-10-01,6312584.0,86821.0
121759,India,2020-10-02,6394068.0,81484.0
121760,India,2020-10-03,6473544.0,79476.0
121761,India,2020-10-04,6549373.0,75829.0
121762,India,2020-10-05,6623815.0,74442.0
121763,India,2020-10-06,6685082.0,61267.0
121764,India,2020-10-07,6757131.0,72049.0
121765,India,2020-10-08,6835655.0,78524.0
121766,India,2020-10-09,6906151.0,70496.0
121767,India,2020-10-10,6979423.0,73272.0
121768,India,2020-10-11,7053806.0,74383.0
121769,India,2020-10-12,7120538.0,66732.0
121770,India,2020-10-13,7175880.0,55342.0
121771,India,2020-10-14,7239389.0,63509.0
121772,India,2020-10-15,7307097.0,67708.0
121773,India,2020-10-16,7370468.0,63371.0
121774,India,2020-10-17,7432680.0,62212.0
121775,India,2020-10-18,7494551.0,61871.0
121776,India,2020-10-19,7550273.0,55722.0
121777,India,2020-10-20,7597063.0,46790.0
121778,India,2020-10-21,7651107.0,54044.0
121779,India,2020-10-22,7706946.0,55839.0
121780,India,2020-10-23,7761312.0,54366.0
121781,India,2020-10-24,7814682.0,53370.0
121782,India,2020-10-25,7864811.0,50129.0
121783,India,2020-10-26,7909959.0,45148.0
121784,India,2020-10-27,7946429.0,36470.0
121785,India,2020-10-28,7990322.0,43893.0
121786,India,2020-10-29,8040203.0,49881.0
121787,India,2020-10-30,8088851.0,48648.0
121788,India,2020-10-31,8137119.0,48268.0
121789,India,2020-11-01,8184082.0,46963.0
121790,India,2020-11-02,8229313.0,45231.0
121791,India,2020-11-03,8267623.0,38310.0
121792,India,2020-11-04,8313876.0,46253.0
121793,India,2020-11-05,8364086.0,50210.0
121794,India,2020-11-06,8411724.0,47638.0
121795,India,2020-11-07,8462080.0,50356.0
121796,India,2020-11-08,8507754.0,45674.0
121797,India,2020-11-09,8553657.0,45903.0
121798,India,2020-11-10,8591730.0,38073.0
121799,India,2020-11-11,8636011.0,44281.0
121800,India,2020-11-12,8683916.0,47905.0
121801,India,2020-11-13,8728795.0,44879.0
121802,India,2020-11-14,8773479.0,44684.0
121803,India,2020-11-15,8814579.0,41100.0
121804,India,2020-11-16,8845127.0,30548.0
121805,India,2020-11-17,8874290.0,29163.0
121806,India,2020-11-18,8912907.0,38617.0
121807,India,2020-11-19,8958483.0,45576.0
121808,India,2020-11-20,9004365.0,45882.0
121809,India,2020-11-21,9050597.0,46232.0
121810,India,2020-11-22,9095806.0,45209.0
121811,India,2020-11-23,9139865.0,44059.0
121812,India,2020-11-24,9177840.0,37975.0
121813,India,2020-11-25,9222216.0,44376.0
121814,India,2020-11-26,9266705.0,44489.0
121815,India,2020-11-27,9309787.0,43082.0
121816,India,2020-11-28,9351109.0,41322.0
121817,India,2020-11-29,9392919.0,41810.0
121818,India,2020-11-30,9431691.0,38772.0
121819,India,2020-12-01,9462809.0,31118.0
121820,India,2020-12-02,9499413.0,36604.0
121821,India,2020-12-03,9534964.0,35551.0
121822,India,2020-12-04,9571559.0,36595.0
121823,India,2020-12-05,9608211.0,36652.0
121824,India,2020-12-06,9644222.0,36011.0
121825,India,2020-12-07,9677203.0,32981.0
121826,India,2020-12-08,9703770.0,26567.0
121827,India,2020-12-09,9735850.0,32080.0
121828,India,2020-12-10,9767371.0,31521.0
121829,India,2020-12-11,9796769.0,29398.0
121830,India,2020-12-12,9826775.0,30006.0
121831,India,2020-12-13,9857029.0,30254.0
121832,India,2020-12-14,9884100.0,27071.0
121833,India,2020-12-15,9906165.0,22065.0
121834,India,2020-12-16,9932547.0,26382.0
121835,India,2020-12-17,9956557.0,24010.0
121836,India,2020-12-18,9979447.0,22890.0
121837,India,2020-12-19,10004599.0,25152.0
121838,India,2020-12-20,10031223.0,26624.0
121839,India,2020-12-21,10055560.0,24337.0
121840,India,2020-12-22,10075116.0,19556.0
121841,India,2020-12-23,10099066.0,23950.0
121842,India,2020-12-24,10123778.0,24712.0
121843,India,2020-12-25,10146845.0,23067.0
121844,India,2020-12-26,10169118.0,22273.0
121845,India,2020-12-27,10187850.0,18732.0
121846,India,2020-12-28,10207871.0,20021.0
121847,India,2020-12-29,10224303.0,16432.0
121848,India,2020-12-30,10244852.0,20549.0
121849,India,2020-12-31,10266674.0,21822.0
121850,India,2021-01-01,10286709.0,20035.0
121851,India,2021-01-02,10305788.0,19079.0
121852,India,2021-01-03,10323965.0,18177.0
121853,India,2021-01-04,10340469.0,16504.0
121854,India,2021-01-05,10356844.0,16375.0
121855,India,2021-01-06,10374932.0,18088.0
121856,India,2021-01-07,10395278.0,20346.0
121857,India,2021-01-08,10413417.0,18139.0
121858,India,2021-01-09,10431639.0,18222.0
121859,India,2021-01-10,10450284.0,18645.0
121860,India,2021-01-11,10466595.0,16311.0
121861,India,2021-01-12,10479179.0,12584.0
121862,India,2021-01-13,10495147.0,15968.0
121863,India,2021-01-14,10512093.0,16946.0
121864,India,2021-01-15,10527683.0,15590.0
121865,India,2021-01-16,10542841.0,15158.0
121866,India,2021-01-17,10557985.0,15144.0
121867,India,2021-01-18,10571773.0,13788.0
121868,India,2021-01-19,10581837.0,10064.0
121869,India,2021-01-20,10595660.0,13823.0
121870,India,2021-01-21,10610883.0,15223.0
121871,India,2021-01-22,10625428.0,14545.0
121872,India,2021-01-23,10639684.0,14256.0
121873,India,2021-01-24,10654533.0,14849.0
121874,India,2021-01-25,10667736.0,13203.0
121875,India,2021-01-26,10676838.0,9102.0
121876,India,2021-01-27,10689527.0,12689.0
121877,India,2021-01-28,10701193.0,11666.0
121878,India,2021-01-29,10720048.0,18855.0
121879,India,2021-01-30,10733131.0,13083.0
121880,India,2021-01-31,10746183.0,13052.0
121881,India,2021-02-01,10757610.0,11427.0
121882,India,2021-02-02,10766245.0,8635.0
121883,India,2021-02-03,10777284.0,11039.0
121884,India,2021-02-04,10790183.0,12899.0
121885,India,2021-02-05,10802591.0,12408.0
121886,India,2021-02-06,10814304.0,11713.0
121887,India,2021-02-07,10826363.0,12059.0
121888,India,2021-02-08,10838194.0,11831.0
121889,India,2021-02-09,10847304.0,9110.0
121890,India,2021-02-10,10858371.0,11067.0
121891,India,2021-02-11,10871294.0,12923.0
121892,India,2021-02-12,10880603.0,9309.0
121893,India,2021-02-13,10892746.0,12143.0
121894,India,2021-02-14,10904940.0,12194.0
121895,India,2021-02-15,10916589.0,11649.0
121896,India,2021-02-16,10925710.0,9121.0
121897,India,2021-02-17,10937320.0,11610.0
121898,India,2021-02-18,10950201.0,12881.0
121899,India,2021-02-19,10963394.0,13193.0
121900,India,2021-02-20,10977387.0,13993.0
121901,India,2021-02-21,10991651.0,14264.0
121902,India,2021-02-22,11005850.0,14199.0
121903,India,2021-02-23,11016434.0,10584.0
121904,India,2021-02-24,11030176.0,13742.0
121905,India,2021-02-25,11046914.0,16738.0
121906,India,2021-02-26,11063491.0,16577.0
121907,India,2021-02-27,11079979.0,16488.0
121908,India,2021-02-28,11096731.0,16752.0
121909,India,2021-03-01,11112241.0,15510.0
121910,India,2021-03-02,11124527.0,12286.0
121911,India,2021-03-03,11139516.0,14989.0
121912,India,2021-03-04,11156923.0,17407.0
121913,India,2021-03-05,11173761.0,16838.0
121914,India,2021-03-06,11192088.0,18327.0
121915,India,2021-03-07,11210799.0,18711.0
121916,India,2021-03-08,11229398.0,18599.0
121917,India,2021-03-09,11244786.0,15388.0
121918,India,2021-03-10,11262707.0,17921.0
121919,India,2021-03-11,11285561.0,22854.0
121920,India,2021-03-12,11308846.0,23285.0
121921,India,2021-03-13,11333728.0,24882.0
121922,India,2021-03-14,11359048.0,25320.0
121923,India,2021-03-15,11385339.0,26291.0
121924,India,2021-03-16,11409831.0,24492.0
121925,India,2021-03-17,11438734.0,28903.0
121926,India,2021-03-18,11474605.0,35871.0
121927,India,2021-03-19,11514331.0,39726.0
121928,India,2021-03-20,11555284.0,40953.0
121929,India,2021-03-21,11599130.0,43846.0
121930,India,2021-03-22,11646081.0,46951.0
121931,India,2021-03-23,11686796.0,40715.0
121932,India,2021-03-24,11734058.0,47262.0
121933,India,2021-03-25,11787534.0,53476.0
121934,India,2021-03-26,11846652.0,59118.0
121935,India,2021-03-27,11908910.0,62258.0
121936,India,2021-03-28,11971624.0,62714.0
121937,India,2021-03-29,12039644.0,68020.0
121938,India,2021-03-30,12095855.0,56211.0
121939,India,2021-03-31,12149335.0,53480.0
121940,India,2021-04-01,12221665.0,72330.0
121941,India,2021-04-02,12303131.0,81466.0
121942,India,2021-04-03,12392260.0,89129.0
121943,India,2021-04-04,12485509.0,93249.0
121944,India,2021-04-05,12589067.0,103558.0
121945,India,2021-04-06,12686049.0,96982.0
121946,India,2021-04-07,12801785.0,115736.0
121947,India,2021-04-08,12928574.0,126789.0
121948,India,2021-04-09,13060542.0,131968.0
121949,India,2021-04-10,13205926.0,145384.0
121950,India,2021-04-11,13358805.0,152879.0
121951,India,2021-04-12,13527717.0,168912.0
121952,India,2021-04-13,13689453.0,161736.0
121953,India,2021-04-14,13873825.0,184372.0
121954,India,2021-04-15,14074564.0,200739.0
121955,India,2021-04-16,14291917.0,217353.0
121956,India,2021-04-17,14526609.0,234692.0
121957,India,2021-04-18,14788109.0,261500.0
121958,India,2021-04-19,15061919.0,273810.0
121959,India,2021-04-20,15321089.0,259170.0
121960,India,2021-04-21,15616130.0,295041.0
121961,India,2021-04-22,15930965.0,314835.0
121962,India,2021-04-23,16263695.0,332730.0
121963,India,2021-04-24,16610481.0,346786.0
121964,India,2021-04-25,16960172.0,349691.0
121965,India,2021-04-26,17313163.0,352991.0
121966,India,2021-04-27,17636307.0,323144.0
121967,India,2021-04-28,17997267.0,360960.0
121968,India,2021-04-29,18376524.0,379257.0
121969,India,2021-04-30,18762976.0,386452.0
121970,India,2021-05-01,19164969.0,401993.0
121971,India,2021-05-02,19557457.0,392488.0
121972,India,2021-05-03,19925604.0,368147.0
121973,India,2021-05-04,20282833.0,357229.0
121974,India,2021-05-05,20665148.0,382315.0
121975,India,2021-05-06,21077410.0,412262.0
121976,India,2021-05-07,21491598.0,414188.0
121977,India,2021-05-08,21892676.0,401078.0
121978,India,2021-05-09,22296414.0,403738.0
121979,India,2021-05-10,22662575.0,366161.0
121980,India,2021-05-11,22992517.0,329942.0
121981,India,2021-05-12,23340938.0,348421.0
121982,India,2021-05-13,23703665.0,362727.0
121983,India,2021-05-14,24046809.0,343144.0
121984,India,2021-05-15,24372907.0,326098.0
121985,India,2021-05-16,24684077.0,311170.0
121986,India,2021-05-17,24965463.0,281386.0
121987,India,2021-05-18,25228996.0,263533.0
121988,India,2021-05-19,25496330.0,267334.0
121989,India,2021-05-20,25772440.0,276110.0
121990,India,2021-05-21,26031991.0,259551.0
121991,India,2021-05-22,26289290.0,257299.0
121992,India,2021-05-23,26530132.0,240842.0
121993,India,2021-05-24,26752447.0,222315.0
121994,India,2021-05-25,26948874.0,196427.0
121995,India,2021-05-26,27157795.0,208921.0
121996,India,2021-05-27,27369093.0,211298.0
121997,India,2021-05-28,27555457.0,186364.0
121998,India,2021-05-29,27729247.0,173790.0
121999,India,2021-05-30,27894800.0,165553.0
122000,India,2021-05-31,28047534.0,152734.0
122001,India,2021-06-01,28175044.0,127510.0
122002,India,2021-06-02,28307832.0,132788.0
122003,India,2021-06-03,28441986.0,134154.0
122004,India,2021-06-04,28574350.0,132364.0
122005,India,2021-06-05,28694879.0,120529.0
122006,India,2021-06-06,28809339.0,114460.0
122007,India,2021-06-07,28909975.0,100636.0
122008,India,2021-06-08,28996473.0,86498.0
122009,India,2021-06-09,29089069.0,92596.0
122010,India,2021-06-10,29183121.0,94052.0
122011,India,2021-06-11,29274823.0,91702.0
122012,India,2021-06-12,29359155.0,84332.0
122013,India,2021-06-13,29439989.0,80834.0
122014,India,2021-06-14,29510410.0,70421.0
122015,India,2021-06-15,29570881.0,60471.0
122016,India,2021-06-16,29633105.0,62224.0
122017,India,2021-06-17,29700313.0,67208.0
122018,India,2021-06-18,29762793.0,62480.0
122019,India,2021-06-19,29823546.0,60753.0
122020,India,2021-06-20,29881965.0,58419.0
122021,India,2021-06-21,29935221.0,53256.0
122022,India,2021-06-22,29977861.0,42640.0
122023,India,2021-06-23,30028709.0,50848.0
122024,India,2021-06-24,30082778.0,54069.0
122025,India,2021-06-25,30134445.0,51667.0
122026,India,2021-06-26,30183143.0,48698.0
122027,India,2021-06-27,30233183.0,50040.0
122028,India,2021-06-28,30279331.0,46148.0
122029,India,2021-06-29,30316897.0,37566.0
122030,India,2021-06-30,30362848.0,45951.0
122031,India,2021-07-01,30411634.0,48786.0
122032,India,2021-07-02,30458251.0,46617.0
122033,India,2021-07-03,30502362.0,44111.0
122034,India,2021-07-04,30545433.0,43071.0
122035,India,2021-07-05,30585229.0,39796.0
122036,India,2021-07-06,30619932.0,34703.0
122037,India,2021-07-07,30663665.0,43733.0
122038,India,2021-07-08,30709557.0,45892.0
122039,India,2021-07-09,30752950.0,43393.0
122040,India,2021-07-10,30795716.0,42766.0
122041,India,2021-07-11,30837222.0,41506.0
122042,India,2021-07-12,30874376.0,37154.0
122043,India,2021-07-13,30907282.0,32906.0
122044,India,2021-07-14,30946074.0,38792.0
122045,India,2021-07-15,30987880.0,41806.0
122046,India,2021-07-16,31026829.0,38949.0
122047,India,2021-07-17,31064908.0,38079.0
122048,India,2021-07-18,31106065.0,41157.0
122049,India,2021-07-19,31144229.0,38164.0
122050,India,2021-07-20,31174322.0,30093.0
122051,India,2021-07-21,31216337.0,42015.0
122052,India,2021-07-22,31257720.0,41383.0
122053,India,2021-07-23,31293062.0,35342.0
122054,India,2021-07-24,31332159.0,39097.0
122055,India,2021-07-25,31371901.0,39742.0
122056,India,2021-07-26,31411262.0,39361.0
122057,India,2021-07-27,31440951.0,29689.0
122058,India,2021-07-28,31484605.0,43654.0
122059,India,2021-07-29,31528114.0,43509.0
122060,India,2021-07-30,31572344.0,44230.0
122061,India,2021-07-31,31613993.0,41649.0
122062,India,2021-08-01,31655824.0,41831.0
122063,India,2021-08-02,31695958.0,40134.0
122064,India,2021-08-03,31726507.0,30549.0
122065,India,2021-08-04,31769132.0,42625.0
122066,India,2021-08-05,31812114.0,42982.0
122067,India,2021-08-06,31856757.0,44643.0
122068,India,2021-08-07,31895385.0,38628.0
122069,India,2021-08-08,31934455.0,39070.0
122070,India,2021-08-09,31969954.0,35499.0
122071,India,2021-08-10,31998158.0,28204.0
122072,India,2021-08-11,32036511.0,38353.0
122073,India,2021-08-12,32077706.0,41195.0
122074,India,2021-08-13,32117826.0,40120.0
122075,India,2021-08-14,32156493.0,38667.0
122076,India,2021-08-15,32192576.0,36083.0
122077,India,2021-08-16,32225513.0,32937.0
122078,India,2021-08-17,32250679.0,25166.0
122079,India,2021-08-18,32285857.0,35178.0
122080,India,2021-08-19,32322258.0,36401.0
122081,India,2021-08-20,32358829.0,36571.0
122082,India,2021-08-21,32393286.0,34457.0
122083,India,2021-08-22,32424234.0,30948.0
122084,India,2021-08-23,32449306.0,25072.0
122085,India,2021-08-24,32474773.0,25467.0
122086,India,2021-08-25,32512366.0,37593.0
122087,India,2021-08-26,32558530.0,46164.0
122088,India,2021-08-27,32603188.0,44658.0
122089,India,2021-08-28,32649947.0,46759.0
122090,India,2021-08-29,32695030.0,45083.0
122091,India,2021-08-30,32737939.0,42909.0
122092,India,2021-08-31,32768880.0,30941.0
122093,India,2021-09-01,32810845.0,41965.0
122094,India,2021-09-02,32857937.0,47092.0
122095,India,2021-09-03,32903289.0,45352.0
122096,India,2021-09-04,32945907.0,42618.0
122097,India,2021-09-05,32988673.0,42766.0
122098,India,2021-09-06,33027621.0,38948.0
122099,India,2021-09-07,33058843.0,31222.0
122100,India,2021-09-08,33096718.0,37875.0
122101,India,2021-09-09,33139981.0,43263.0
122102,India,2021-09-10,33174954.0,34973.0
122103,India,2021-09-11,33208330.0,33376.0
122104,India,2021-09-12,33236921.0,28591.0
122105,India,2021-09-13,33264175.0,27254.0
122106,India,2021-09-14,33289579.0,25404.0
122107,India,2021-09-15,33316755.0,27176.0
122108,India,2021-09-16,33347325.0,30570.0
122109,India,2021-09-17,33381728.0,34403.0
122110,India,2021-09-18,33417390.0,35662.0
122111,India,2021-09-19,33448163.0,30773.0
122112,India,2021-09-20,33478419.0,30256.0
122113,India,2021-09-21,33504534.0,26115.0
122114,India,2021-09-22,33531498.0,26964.0
122115,India,2021-09-23,33563421.0,31923.0
122116,India,2021-09-24,33594803.0,31382.0
122117,India,2021-09-25,33624419.0,29616.0
122118,India,2021-09-26,33652745.0,28326.0
122119,India,2021-09-27,33678786.0,26041.0
122120,India,2021-09-28,33697581.0,18795.0
122121,India,2021-09-29,33716451.0,18870.0
122122,India,2021-09-30,33739980.0,23529.0
122123,India,2021-10-01,33766707.0,26727.0
122124,India,2021-10-02,33791061.0,24354.0
122125,India,2021-10-03,33813903.0,22842.0
122126,India,2021-10-04,33834702.0,20799.0
122127,India,2021-10-05,33853048.0,18346.0
122128,India,2021-10-06,33871881.0,18833.0
122129,India,2021-10-07,33894312.0,22431.0
122130,India,2021-10-08,33915569.0,21257.0
122131,India,2021-10-09,33935309.0,19740.0
122132,India,2021-10-10,33953475.0,18166.0
122133,India,2021-10-11,33971607.0,18132.0
122134,India,2021-10-12,33985920.0,14313.0
122135,India,2021-10-13,34001743.0,15823.0
122136,India,2021-10-14,34020730.0,18987.0
122137,India,2021-10-15,34037592.0,16862.0
122138,India,2021-10-16,34053573.0,15981.0
122139,India,2021-10-17,34067719.0,14146.0
122140,India,2021-10-18,34081315.0,13596.0
122141,India,2021-10-19,34094373.0,13058.0
122142,India,2021-10-20,34108996.0,14623.0
122143,India,2021-10-21,34127450.0,18454.0
122144,India,2021-10-22,34143236.0,15786.0
122145,India,2021-10-23,34159562.0,16326.0
122146,India,2021-10-24,34175468.0,15906.0
122147,India,2021-10-25,34189774.0,14306.0
122148,India,2021-10-26,34202202.0,12428.0
122149,India,2021-10-27,34215653.0,13451.0
122150,India,2021-10-28,34231809.0,16156.0
122151,India,2021-10-29,34246157.0,14348.0
122152,India,2021-10-30,34260470.0,14313.0
122153,India,2021-10-31,34273300.0,12830.0
122154,India,2021-11-01,34285814.0,12514.0
122155,India,2021-11-02,34296237.0,10423.0
122156,India,2021-11-03,34308140.0,11903.0
122157,India,2021-11-04,34321025.0,12885.0
122158,India,2021-11-05,34333754.0,12729.0
122159,India,2021-11-06,34344683.0,10929.0
122160,India,2021-11-07,34355536.0,10853.0
122161,India,2021-11-08,34366987.0,11451.0
122162,India,2021-11-09,34377113.0,10126.0
122163,India,2021-11-10,34388579.0,11466.0
122164,India,2021-11-11,34401670.0,13091.0
122165,India,2021-11-12,34414186.0,12516.0
122166,India,2021-11-13,34426036.0,11850.0
122167,India,2021-11-14,34437307.0,11271.0
122168,India,2021-11-15,34447536.0,10229.0
122169,India,2021-11-16,34456401.0,8865.0
122170,India,2021-11-17,34466598.0,10197.0
122171,India,2021-11-18,34478517.0,11919.0
122172,India,2021-11-19,34489623.0,11106.0
122173,India,2021-11-20,34499925.0,10302.0
122174,India,2021-11-21,34510413.0,10488.0
122175,India,2021-11-22,34518901.0,8488.0
122176,India,2021-11-23,34526480.0,7579.0
122177,India,2021-11-24,34535763.0,9283.0
122178,India,2021-11-25,34544882.0,9119.0
122179,India,2021-11-26,34555431.0,10549.0
122180,India,2021-11-27,34563749.0,8318.0
122181,India,2021-11-28,34572523.0,8774.0
122182,India,2021-11-29,34580832.0,8309.0
122183,India,2021-11-30,34587822.0,6990.0
122184,India,2021-12-01,34596776.0,8954.0
122185,India,2021-12-02,34606541.0,9765.0
122186,India,2021-12-03,34615757.0,9216.0
122187,India,2021-12-04,34624360.0,8603.0
122188,India,2021-12-05,34633255.0,8895.0
122189,India,2021-12-06,34641561.0,8306.0
122190,India,2021-12-07,34648383.0,6822.0
122191,India,2021-12-08,34656822.0,8439.0
122192,India,2021-12-09,34666241.0,9419.0
122193,India,2021-12-10,34674744.0,8503.0
122194,India,2021-12-11,34682736.0,7992.0
122195,India,2021-12-12,34690510.0,7774.0
122196,India,2021-12-13,34697860.0,7350.0
122197,India,2021-12-14,34703644.0,5784.0
122198,India,2021-12-15,34710628.0,6984.0
122199,India,2021-12-16,34718602.0,7974.0
122200,India,2021-12-17,34726049.0,7447.0
122201,India,2021-12-18,34733194.0,7145.0
122202,India,2021-12-19,34740275.0,7081.0
122203,India,2021-12-20,34746838.0,6563.0
122204,India,2021-12-21,34752164.0,5326.0
122205,India,2021-12-22,34758481.0,6317.0
122206,India,2021-12-23,34765976.0,7495.0
122207,India,2021-12-24,34772626.0,6650.0
122208,India,2021-12-25,34779815.0,7189.0
122209,India,2021-12-26,34786802.0,6987.0
122210,India,2021-12-27,34793333.0,6531.0
122211,India,2021-12-28,34799691.0,6358.0
122212,India,2021-12-29,34808886.0,9195.0
122213,India,2021-12-30,34822040.0,13154.0
122214,India,2021-12-31,34838804.0,16764.0
122215,India,2022-01-01,34861579.0,22775.0
122216,India,2022-01-02,34889132.0,27553.0
122217,India,2022-01-03,34922882.0,33750.0
122218,India,2022-01-04,34960261.0,37379.0
122219,India,2022-01-05,35018358.0,58097.0
122220,India,2022-01-06,35109286.0,90928.0
122221,India,2022-01-07,35226386.0,117100.0
122222,India,2022-01-08,35368372.0,141986.0
122223,India,2022-01-09,35528004.0,159632.0
122224,India,2022-01-10,35707727.0,179723.0
122225,India,2022-01-11,35875790.0,168063.0
122226,India,2022-01-12,36070510.0,194720.0
122227,India,2022-01-13,36317927.0,247417.0
122228,India,2022-01-14,36582129.0,264202.0
122229,India,2022-01-15,36850962.0,268833.0
122230,India,2022-01-16,37122164.0,271202.0
122231,India,2022-01-17,37380253.0,258089.0
122232,India,2022-01-18,37618271.0,238018.0
122233,India,2022-01-19,37901241.0,282970.0
122234,India,2022-01-20,38218773.0,317532.0
122235,India,2022-01-21,38566027.0,347254.0
122236,India,2022-01-22,38903731.0,337704.0
122237,India,2022-01-23,39237264.0,333533.0
122238,India,2022-01-24,39543328.0,306064.0
122239,India,2022-01-25,39799202.0,255874.0
122240,India,2022-01-26,40085116.0,285914.0
122241,India,2022-01-27,40371500.0,286384.0
122242,India,2022-01-28,40622709.0,251209.0
122243,India,2022-01-29,40858241.0,235532.0
122244,India,2022-01-30,41092522.0,234281.0
122245,India,2022-01-31,41302440.0,209918.0
122246,India,2022-02-01,41469499.0,167059.0
122247,India,2022-02-02,41630885.0,161386.0
122248,India,2022-02-03,41803318.0,172433.0
122249,India,2022-02-04,41952712.0,149394.0
122250,India,2022-02-05,42080664.0,127952.0
122251,India,2022-02-06,42188138.0,107474.0
122252,India,2022-02-07,42272014.0,83876.0
122253,India,2022-02-08,42339611.0,67597.0
122254,India,2022-02-09,42410976.0,71365.0
122255,India,2022-02-10,42478060.0,67084.0
122256,India,2022-02-11,42536137.0,58077.0
122257,India,2022-02-12,42586544.0,50407.0
122258,India,2022-02-13,42631421.0,44877.0
122259,India,2022-02-14,42665534.0,34113.0
122260,India,2022-02-15,42692943.0,27409.0
122261,India,2022-02-16,42723558.0,30615.0
122262,India,2022-02-17,42754315.0,30757.0
122263,India,2022-02-18,42780235.0,25920.0
122264,India,2022-02-19,42802505.0,22270.0
122265,India,2022-02-20,42822473.0,19968.0
122266,India,2022-02-21,42838524.0,16051.0
122267,India,2022-02-22,42851929.0,13405.0
122268,India,2022-02-23,42867031.0,15102.0
122269,India,2022-02-24,42881179.0,14148.0
122270,India,2022-02-25,42894345.0,13166.0
122271,India,2022-02-26,42905844.0,11499.0
122272,India,2022-02-27,42916117.0,10273.0
122273,India,2022-02-28,42924130.0,8013.0
122274,India,2022-03-01,42931045.0,6915.0
122275,India,2022-03-02,42938599.0,7554.0
122276,India,2022-03-03,42945160.0,6561.0
122277,India,2022-03-04,42951556.0,6396.0
122278,India,2022-03-05,42957477.0,5921.0
122279,India,2022-03-06,42962953.0,5476.0
122280,India,2022-03-07,42967315.0,4362.0
122281,India,2022-03-08,42971308.0,3993.0
122282,India,2022-03-09,42975883.0,4575.0
122283,India,2022-03-10,42980067.0,4184.0
122284,India,2022-03-11,42984261.0,4194.0
122285,India,2022-03-12,42987875.0,3614.0
122286,India,2022-03-13,42990991.0,3116.0
122287,India,2022-03-14,42993494.0,2503.0
122288,India,2022-03-15,42996062.0,2568.0
122289,India,2022-03-16,42998938.0,2876.0
122290,India,2022-03-17,43001477.0,2539.0
122291,India,2022-03-18,43004005.0,2528.0
122292,India,2022-03-19,43006080.0,2075.0
122293,India,2022-03-20,43007841.0,1761.0
122294,India,2022-03-21,43009390.0,1549.0
122295,India,2022-03-22,43010971.0,1581.0
122296,India,2022-03-23,43012749.0,1778.0
122297,India,2022-03-24,43014687.0,1938.0
122298,India,2022-03-25,43016372.0,1685.0
122299,India,2022-03-26,43018032.0,1660.0
122300,India,2022-03-27,43019453.0,1421.0
122301,India,2022-03-28,43020723.0,1270.0
122302,India,2022-03-29,43021982.0,1259.0
122303,India,2022-03-30,43023215.0,1233.0
122304,India,2022-03-31,43024440.0,1225.0
122305,India,2022-04-01,43025775.0,1335.0
122306,India,2022-04-02,43027035.0,1260.0
122307,India,2022-04-03,43028131.0,1096.0
122308,India,2022-04-04,43029044.0,913.0
122309,India,2022-04-05,43029839.0,795.0
122310,India,2022-04-06,43030925.0,1086.0
122311,India,2022-04-07,43031958.0,1033.0
122312,India,2022-04-08,43033067.0,1109.0
122313,India,2022-04-09,43034217.0,1150.0
122314,India,2022-04-10,43035271.0,1054.0
122315,India,2022-04-11,43036132.0,861.0
122316,India,2022-04-12,43036928.0,796.0
122317,India,2022-04-13,43038016.0,1088.0
122318,India,2022-04-14,43039023.0,1007.0
122319,India,2022-04-15,43039972.0,949.0
122320,India,2022-04-16,43040947.0,975.0
122321,India,2022-04-17,43042097.0,1150.0
122322,India,2022-04-18,43044280.0,2183.0
122323,India,2022-04-19,43045527.0,1247.0
122324,India,2022-04-20,43047594.0,2067.0
122325,India,2022-04-21,43049974.0,2380.0
122326,India,2022-04-22,43052425.0,2451.0
122327,India,2022-04-23,43054952.0,2527.0
122328,India,2022-04-24,43057545.0,2593.0
122329,India,2022-04-25,43060086.0,2541.0
122330,India,2022-04-26,43062569.0,2483.0
122331,India,2022-04-27,43065496.0,2927.0
122332,India,2022-04-28,43068799.0,3303.0
122333,India,2022-04-29,43072176.0,3377.0
122334,India,2022-04-30,43075864.0,3688.0
122335,India,2022-05-01,43079188.0,3324.0
122336,India,2022-05-02,43082345.0,3157.0
122337,India,2022-05-03,43084913.0,2568.0
122338,India,2022-05-04,43088118.0,3205.0
122339,India,2022-05-05,43091393.0,3275.0
122340,India,2022-05-06,43094938.0,3545.0
122341,India,2022-05-07,43098743.0,3805.0
122342,India,2022-05-08,43102194.0,3451.0
122343,India,2022-05-09,43105401.0,3207.0
122344,India,2022-05-10,43107689.0,2288.0
122345,India,2022-05-11,43110586.0,2897.0
122346,India,2022-05-12,43113413.0,2827.0
122347,India,2022-05-13,43116254.0,2841.0
122348,India,2022-05-14,43119112.0,2858.0
122349,India,2022-05-15,43121599.0,2487.0
122350,India,2022-05-16,43123801.0,2202.0
122351,India,2022-05-17,43125370.0,1569.0
122352,India,2022-05-18,43127199.0,1829.0
122353,India,2022-05-19,43129563.0,2364.0
122354,India,2022-05-20,43131822.0,2259.0
122355,India,2022-05-21,43134145.0,2323.0
122356,India,2022-05-22,43136371.0,2226.0
122357,India,2022-05-23,43138393.0,2022.0
122358,India,2022-05-24,43140068.0,1675.0
122359,India,2022-05-25,43142192.0,2124.0
122360,India,2022-05-26,43144820.0,2628.0
122361,India,2022-05-27,43147530.0,2710.0
122362,India,2022-05-28,43150215.0,2685.0
122363,India,2022-05-29,43153043.0,2828.0
122364,India,2022-05-30,43155749.0,2706.0
122365,India,2022-05-31,43158087.0,2338.0
122366,India,2022-06-01,43160832.0,2745.0
122367,India,2022-06-02,43164544.0,3712.0
122368,India,2022-06-03,43168585.0,4041.0
122369,India,2022-06-04,43172547.0,3962.0
122370,India,2022-06-05,43176817.0,4270.0
122371,India,2022-06-06,43181335.0,4518.0
122372,India,2022-06-07,43185049.0,3714.0
122373,India,2022-06-08,43190282.0,5233.0
122374,India,2022-06-09,43197522.0,7240.0
122375,India,2022-06-10,43205106.0,7584.0
122376,India,2022-06-11,43213435.0,8329.0
122377,India,2022-06-12,43222017.0,8582.0
122378,India,2022-06-13,43230101.0,8084.0
122379,India,2022-06-14,43236695.0,6594.0
122380,India,2022-06-15,43245517.0,8822.0
122381,India,2022-06-16,43257730.0,12213.0
122382,India,2022-06-17,43270577.0,12847.0
122383,India,2022-06-18,43283793.0,13216.0
122384,India,2022-06-19,43296692.0,12899.0
122385,India,2022-06-20,43309473.0,12781.0
122386,India,2022-06-21,43319396.0,9923.0
122387,India,2022-06-22,43331645.0,12249.0
122388,India,2022-06-23,43344958.0,13313.0
122389,India,2022-06-24,43362294.0,17336.0
122390,India,2022-06-25,43378234.0,15940.0
122391,India,2022-06-26,43389973.0,11739.0
122392,India,2022-06-27,43407046.0,17073.0
122393,India,2022-06-28,43418839.0,11793.0
122394,India,2022-06-29,43433345.0,14506.0
122395,India,2022-06-30,43452164.0,18819.0
122396,India,2022-07-01,43469234.0,17070.0
122397,India,2022-07-02,43486326.0,17092.0
122398,India,2022-07-03,43502429.0,16103.0
122399,India,2022-07-04,43518564.0,16135.0
122400,India,2022-07-05,43531650.0,13086.0
122401,India,2022-07-06,43547809.0,16159.0
122402,India,2022-07-07,43566739.0,18930.0
122403,India,2022-07-08,43585554.0,18815.0
122404,India,2022-07-09,43604394.0,18840.0
122405,India,2022-07-10,43622651.0,18257.0
122406,India,2022-07-11,43639329.0,16678.0
122407,India,2022-07-12,43652944.0,13615.0
122408,India,2022-07-13,43669850.0,16906.0
122409,India,2022-07-14,43689989.0,20139.0
122410,India,2022-07-15,43710027.0,20038.0
122411,India,2022-07-16,43730071.0,20044.0
122412,India,2022-07-17,43750599.0,20528.0
122413,India,2022-07-18,43767534.0,16935.0
122414,India,2022-07-19,43783062.0,15528.0
122415,India,2022-07-20,43803619.0,20557.0
122416,India,2022-07-21,43825185.0,21566.0
122417,India,2022-07-22,43847065.0,21880.0
122418,India,2022-07-23,43868476.0,21411.0
122419,India,2022-07-24,43888755.0,20279.0
122420,India,2022-07-25,43905621.0,16866.0
122421,India,2022-07-26,43920451.0,14830.0
122422,India,2022-07-27,43938764.0,18313.0
122423,India,2022-07-28,43959321.0,20557.0
122424,India,2022-07-29,43979730.0,20409.0
122425,India,2022-07-30,44000138.0,20408.0
122426,India,2022-07-31,44019811.0,19673.0
122427,India,2022-08-01,44036275.0,16464.0
122428,India,2022-08-02,44050009.0,13734.0
122429,India,2022-08-03,44067144.0,17135.0
122430,India,2022-08-04,44087037.0,19893.0
122431,India,2022-08-05,44107588.0,20551.0
122432,India,2022-08-06,44126994.0,19406.0
122433,India,2022-08-07,44145732.0,18738.0
122434,India,2022-08-08,44161899.0,16167.0
122435,India,2022-08-09,44174650.0,12751.0
122436,India,2022-08-10,44190697.0,16047.0
122437,India,2022-08-11,44206996.0,16299.0
122438,India,2022-08-12,44223557.0,16561.0
122439,India,2022-08-13,44239372.0,15815.0
122440,India,2022-08-14,44253464.0,14092.0
122441,India,2022-08-15,44268381.0,14917.0
122442,India,2022-08-16,44277194.0,8813.0
122443,India,2022-08-17,44286256.0,9062.0
122444,India,2022-08-18,44298864.0,12608.0
122445,India,2022-08-19,44314618.0,15754.0
122446,India,2022-08-20,44327890.0,13272.0
122447,India,2022-08-21,44339429.0,11539.0
122448,India,2022-08-22,44348960.0,9531.0
122449,India,2022-08-23,44357546.0,8586.0
122450,India,2022-08-24,44368195.0,10649.0
122451,India,2022-08-25,44378920.0,10725.0
122452,India,2022-08-26,44389176.0,10256.0
122453,India,2022-08-27,44398696.0,9520.0
122454,India,2022-08-28,44408132.0,9436.0
122455,India,2022-08-29,44415723.0,7591.0
122456,India,2022-08-30,44421162.0,5439.0
122457,India,2022-08-31,44428393.0,7231.0
122458,India,2022-09-01,44436339.0,7946.0
122459,India,2022-09-02,44442507.0,6168.0
122460,India,2022-09-03,44449718.0,7211.0
122461,India,2022-09-04,44456535.0,6817.0
122462,India,2022-09-05,44462445.0,5910.0
122463,India,2022-09-06,44466862.0,4417.0
122464,India,2022-09-07,44472241.0,5379.0
122465,India,2022-09-08,44478636.0,6395.0
122466,India,2022-09-09,44484729.0,6093.0
122467,India,2022-09-10,44490283.0,5554.0
122468,India,2022-09-11,44495359.0,5076.0
122469,India,2022-09-12,44500580.0,5221.0
122470,India,2022-09-13,44504949.0,4369.0
122471,India,2022-09-14,44510057.0,5108.0
122472,India,2022-09-15,44516479.0,6422.0
122473,India,2022-09-16,44522777.0,6298.0
122474,India,2022-09-17,44528524.0,5747.0
122475,India,2022-09-18,44534188.0,5664.0
122476,India,2022-09-19,44539046.0,4858.0
122477,India,2022-09-20,44543089.0,4043.0
122478,India,2022-09-21,44547599.0,4510.0
122479,India,2022-09-22,44553042.0,5443.0
122480,India,2022-09-23,44558425.0,5383.0
122481,India,2022-09-24,44563337.0,4912.0
122482,India,2022-09-25,44568114.0,4777.0
122483,India,2022-09-26,44572243.0,4129.0
122484,India,2022-09-27,44575473.0,3230.0
122485,India,2022-09-28,44579088.0,3615.0
122486,India,2022-09-29,44583360.0,4272.0
122487,India,2022-09-30,44587307.0,3947.0
122488,India,2022-10-01,44591112.0,3805.0
122489,India,2022-10-02,44594487.0,3375.0
122490,India,2022-10-03,44597498.0,3011.0
122491,India,2022-10-04,44599466.0,1968.0
122492,India,2022-10-05,44601934.0,2468.0
122493,India,2022-10-06,44604463.0,2529.0
122494,India,2022-10-07,44606460.0,1997.0
122495,India,2022-10-08,44609257.0,2797.0
122496,India,2022-10-09,44612013.0,2756.0
122497,India,2022-10-10,44614437.0,2424.0
122498,India,2022-10-11,44616394.0,1957.0
122499,India,2022-10-12,44618533.0,2139.0
122500,India,2022-10-13,44621319.0,2786.0
122501,India,2022-10-14,44623997.0,2678.0
122502,India,2022-10-15,44626427.0,2430.0
122503,India,2022-10-16,44628828.0,2401.0
122504,India,2022-10-17,44630888.0,2060.0
122505,India,2022-10-18,44632430.0,1542.0
122506,India,2022-10-19,44634376.0,1946.0
122507,India,2022-10-20,44636517.0,2141.0
122508,India,2022-10-21,44638636.0,2119.0
122509,India,2022-10-22,44640748.0,2112.0
122510,India,2022-10-23,44642742.0,1994.0
122511,India,2022-10-24,44644076.0,1334.0
122512,India,2022-10-25,44644938.0,862.0
122513,India,2022-10-26,44645768.0,830.0
122514,India,2022-10-27,44646880.0,1112.0
122515,India,2022-10-28,44649088.0,2208.0
122516,India,2022-10-29,44650662.0,1574.0
122517,India,2022-10-30,44652266.0,1604.0
122518,India,2022-10-31,44653592.0,1326.0
122519,India,2022-11-01,44654638.0,1046.0
122520,India,2022-11-02,44655828.0,1190.0
122521,India,2022-11-03,44657149.0,1321.0
122522,India,2022-11-04,44658365.0,1216.0
122523,India,2022-11-05,44659447.0,1082.0
122524,India,2022-11-06,44660579.0,1132.0
122525,India,2022-11-07,44661516.0,937.0
122526,India,2022-11-08,44662141.0,625.0
122527,India,2022-11-09,44662952.0,811.0
122528,India,2022-11-10,44663968.0,1016.0
122529,India,2022-11-11,44664810.0,842.0
122530,India,2022-11-12,44665643.0,833.0
122531,India,2022-11-13,44666377.0,734.0
122532,India,2022-11-14,44666924.0,547.0
122533,India,2022-11-15,44666175.0,
122534,India,2022-11-16,44666676.0,501.0
122535,India,2022-11-17,44667311.0,635.0
122536,India,2022-11-18,44667967.0,656.0
122537,India,2022-11-19,44668523.0,556.0
122538,India,2022-11-20,44669015.0,492.0
122539,India,2022-11-21,44669421.0,406.0
122540,India,2022-11-22,44669715.0,294.0
122541,India,2022-11-23,44670075.0,360.0
122542,India,2022-11-24,44670483.0,408.0
122543,India,2022-11-25,44670830.0,347.0
122544,India,2022-11-26,44671219.0,389.0
122545,India,2022-11-27,44671562.0,343.0
122546,India,2022-11-28,44671853.0,291.0
122547,India,2022-11-29,44672068.0,215.0
122548,India,2022-11-30,44672347.0,279.0
122549,India,2022-12-01,44672638.0,291.0
122550,India,2022-12-02,44672913.0,275.0
122551,India,2022-12-03,44673166.0,253.0
122552,India,2022-12-04,44673392.0,226.0
122553,India,2022-12-05,44673618.0,226.0
122554,India,2022-12-06,44673783.0,165.0
122555,India,2022-12-07,44673949.0,166.0
122556,India,2022-12-08,44674190.0,241.0
122557,India,2022-12-09,44674439.0,249.0
122558,India,2022-12-10,44674649.0,210.0
122559,India,2022-12-11,44674822.0,173.0
122560,India,2022-12-12,44674981.0,159.0
122561,India,2022-12-13,44675095.0,114.0
122562,India,2022-12-14,44675247.0,152.0
122563,India,2022-12-15,44675447.0,200.0
122564,India,2022-12-16,44675609.0,162.0
122565,India,2022-12-17,44675776.0,167.0
122566,India,2022-12-18,44675952.0,176.0
122567,India,2022-12-19,44676087.0,135.0
122568,India,2022-12-20,44676199.0,112.0
122569,India,2022-12-21,44676330.0,131.0
122570,India,2022-12-22,44676515.0,185.0
122571,India,2022-12-23,44676678.0,163.0
122572,India,2022-12-24,44676879.0,201.0
122573,India,2022-12-25,44677106.0,227.0
122574,India,2022-12-26,44677302.0,196.0
122575,India,2022-12-27,44677459.0,157.0
122576,India,2022-12-28,44677647.0,188.0
122577,India,2022-12-29,44677915.0,268.0
122578,India,2022-12-30,44678158.0,243.0
122579,India,2022-12-31,44678384.0,226.0
122580,India,2023-01-01,44678649.0,265.0
122581,India,2023-01-02,44678822.0,173.0
122582,India,2023-01-03,44678956.0,134.0
122583,India,2023-01-04,44679131.0,175.0
122584,India,2023-01-05,44679319.0,188.0
122585,India,2023-01-06,44679547.0,228.0
122586,India,2023-01-07,44679761.0,214.0
122587,India,2023-01-08,44679924.0,163.0
122588,India,2023-01-09,44680094.0,170.0
122589,India,2023-01-10,44680215.0,121.0
122590,India,2023-01-11,44680386.0,171.0
122591,India,2023-01-12,44680583.0,197.0
122592,India,2023-01-13,44680757.0,174.0
122593,India,2023-01-14,44680936.0,179.0
122594,India,2023-01-15,44681040.0,104.0
122595,India,2023-01-16,44681154.0,114.0
122596,India,2023-01-17,44681233.0,79.0
122597,India,2023-01-18,44681371.0,138.0
122598,India,2023-01-19,44681505.0,134.0
122599,India,2023-01-20,44681650.0,145.0
122600,India,2023-01-21,44681781.0,131.0
122601,India,2023-01-22,44681921.0,140.0
122602,India,2023-01-23,44682015.0,94.0
122603,India,2023-01-24,44682104.0,89.0
122604,India,2023-01-25,44682206.0,102.0
122605,India,2023-01-26,44682338.0,132.0
122606,India,2023-01-27,44682437.0,99.0
122607,India,2023-01-28,44682530.0,93.0
122608,India,2023-01-29,44682639.0,109.0
122609,India,2023-01-30,44682719.0,80.0
122610,India,2023-01-31,44682784.0,65.0
122611,India,2023-02-01,44682895.0,111.0
122612,India,2023-02-02,44683023.0,128.0
122613,India,2023-02-03,44683122.0,99.0
122614,India,2023-02-04,44683250.0,128.0
122615,India,2023-02-05,44683363.0,113.0
122616,India,2023-02-06,44683454.0,91.0
122617,India,2023-02-07,44683543.0,89.0
122618,India,2023-02-08,44683639.0,96.0
122619,India,2023-02-09,44683748.0,109.0
122620,India,2023-02-10,44683862.0,114.0
122621,India,2023-02-11,44683994.0,132.0
122622,India,2023-02-12,44684118.0,124.0
122623,India,2023-02-13,44684197.0,79.0
122624,India,2023-02-14,44684274.0,77.0
122625,India,2023-02-15,44684376.0,102.0
122626,India,2023-02-16,44684502.0,126.0
122627,India,2023-02-17,44684658.0,156.0
122628,India,2023-02-18,44684775.0,117.0
122629,India,2023-02-19,44684917.0,142.0
122630,India,2023-02-20,44685037.0,120.0
122631,India,2023-02-21,44685132.0,95.0
122632,India,2023-02-22,44685257.0,125.0
122633,India,2023-02-23,44685450.0,193.0
122634,India,2023-02-24,44685619.0,169.0
122635,India,2023-02-25,44685799.0,180.0
122636,India,2023-02-26,44686017.0,218.0
122637,India,2023-02-27,44686202.0,185.0
122638,India,2023-02-28,44686371.0,169.0
122639,India,2023-03-01,44686611.0,240.0
122640,India,2023-03-02,44686879.0,268.0
122641,India,2023-03-03,44687162.0,283.0
122642,India,2023-03-04,44687496.0,334.0
122643,India,2023-03-05,44687820.0,324.0
122644,India,2023-03-06,44688101.0,281.0
122645,India,2023-03-07,44688367.0,266.0
122646,India,2023-03-08,44688693.0,326.0
122647,India,2023-03-09,44689072.0,379.0
122648,India,2023-03-10,44689512.0,440.0
122649,India,2023-03-11,44689968.0,456.0
122650,India,2023-03-12,44690492.0,524.0
122651,India,2023-03-13,44690936.0,444.0
122652,India,2023-03-14,44691338.0,402.0
122653,India,2023-03-15,44691956.0,618.0
122654,India,2023-03-16,44692710.0,754.0
122655,India,2023-03-17,44693506.0,796.0
122656,India,2023-03-18,44694349.0,843.0
122657,India,2023-03-19,44695420.0,1071.0
122658,India,2023-03-20,44696338.0,918.0
122659,India,2023-03-21,44696984.0,646.0
122660,India,2023-03-22,44698118.0,1134.0
122661,India,2023-03-23,44699418.0,1300.0
122662,India,2023-03-24,44700667.0,1249.0
122663,India,2023-03-25,44702257.0,1590.0
122664,India,2023-03-26,44704147.0,1890.0
122665,India,2023-03-27,44705952.0,1805.0
122666,India,2023-03-28,44707525.0,1573.0
122667,India,2023-03-29,44709676.0,2151.0
122668,India,2023-03-30,44712692.0,3016.0
122669,India,2023-03-31,44715786.0,3094.0
122670,India,2023-04-01,44718781.0,2995.0
122671,India,2023-04-02,44722605.0,3824.0
122672,India,2023-04-03,44726246.0,3641.0
122673,India,2023-04-04,44729284.0,3038.0
122674,India,2023-04-05,44733719.0,4435.0
122675,India,2023-04-06,44739054.0,5335.0
122676,India,2023-04-07,44745104.0,6050.0
122677,India,2023-04-08,44751259.0,6155.0
122678,India,2023-04-09,44756616.0,5357.0
122679,India,2023-04-10,44762496.0,5880.0
122680,India,2023-04-11,44768172.0,5676.0
122681,India,2023-04-12,44776002.0,7830.0
122682,India,2023-04-13,44786160.0,10158.0
122683,India,2023-04-14,44797269.0,11109.0
122684,India,2023-04-15,44808022.0,10753.0
122685,India,2023-04-16,44818115.0,10093.0
122686,India,2023-04-17,44827226.0,9111.0
122687,India,2023-04-18,44834859.0,7633.0
122688,India,2023-04-19,44834859.0,
122689,India,2023-04-20,,
122690,India,2023-04-21,,
122691,India,2023-04-22,,
122692,India,2023-04-23,,
122693,India,2023-04-24,,
